{
  "GOOGL": {
    "averageGrowth": 0.14778087649402377,
    "deviation": 2.070011566213052,
    "shareValue": 414.2843490995695,
    "shares": 1.3051224E7
  },
  "SONY": {
    "averageGrowth": 0.1249760956175299,
    "deviation": 0.2071446927424626,
    "shareValue": 78.14620617740796,
    "shares": 2400678.0
  },
  "CARR": {
    "averageGrowth": 0.15626294820717151,
    "deviation": 0.8503366679066161,
    "shareValue": 159.7926362467928,
    "shares": 2873467.0
  },
  "AAPL": {
    "averageGrowth": 0.22190143426294837,
    "deviation": 2.5827499597945325,
    "shareValue": 448.344558168128,
    "shares": 1.5731917E7
  },
  "JNJ": {
    "averageGrowth": 0.13234661354581678,
    "deviation": 1.4987436077499725,
    "shareValue": 229.8145038129806,
    "shares": 8018352.0
  },
  "BIDU": {
    "averageGrowth": 0.07596015936254982,
    "deviation": 3.787046552423339,
    "shareValue": 158.35903320823533,
    "shares": 5281307.0
  },
  "RIVN": {
    "averageGrowth": -0.097282538071066,
    "deviation": 1.731490097753648,
    "shareValue": -28.198548684254757,
    "shares": 1.5291133E7
  },
  "SPYG": {
    "averageGrowth": 0.09323505976095621,
    "deviation": 0.7448615559790921,
    "shareValue": 81.94835438447518,
    "shares": 1463078.0
  },
  "PFE": {
    "averageGrowth": -0.021960159362549823,
    "deviation": 0.5450337377678137,
    "shareValue": 21.678765525418484,
    "shares": 2.5108037E7
  },
  "COIN": {
    "averageGrowth": -0.25988683745583036,
    "deviation": 8.248902205837979,
    "shareValue": 293.6293566567686,
    "shares": 6374179.0
  },
  "TSLA": {
    "averageGrowth": -0.05147171314741074,
    "deviation": 8.363240735635191,
    "shareValue": 519.3380188397667,
    "shares": 5.1972442E7
  },
  "SBUX": {
    "averageGrowth": -0.056364940239043614,
    "deviation": 1.3631016222408627,
    "shareValue": 43.66398299071986,
    "shares": 3822483.0
  },
  "AMD": {
    "averageGrowth": -0.2102321115537848,
    "deviation": 3.2274643369560914,
    "shareValue": 237.18786995262326,
    "shares": 5.3099746E7
  },
  "TLRY": {
    "averageGrowth": -0.08665035856573705,
    "deviation": 0.8347059923918908,
    "shareValue": -93.11045554892468,
    "shares": 5.2455949E7
  },
  "RBLX": {
    "averageGrowth": -0.007474826989619253,
    "deviation": 2.271702966116122,
    "shareValue": 197.7779834795715,
    "shares": 5804525.0
  },
  "BILI": {
    "averageGrowth": -0.014681673306772969,
    "deviation": 1.902470150202924,
    "shareValue": 58.30860390707248,
    "shares": 3195031.0
  },
  "SPY": {
    "averageGrowth": 0.04653784860557868,
    "deviation": 4.162304136253264,
    "shareValue": 819.4389039603441,
    "shares": 5.338323E7
  },
  "DOCU": {
    "averageGrowth": -0.03552589641434248,
    "deviation": 3.6783696861699697,
    "shareValue": -114.05888867749366,
    "shares": 1123885.0
  },
  "BABA": {
    "averageGrowth": -0.08376494023904392,
    "deviation": 2.5919364057015524,
    "shareValue": 65.88258695557673,
    "shares": 1.42343E7
  },
  "META": {
    "averageGrowth": 0.11319920318725091,
    "deviation": 7.100404765422049,
    "shareValue": 619.7902528526876,
    "shares": 5113497.0
  },
  "HCA": {
    "averageGrowth": 0.25089243027888464,
    "deviation": 4.14571556792094,
    "shareValue": 788.4697818027186,
    "shares": 607121.0
  },
  "NKE": {
    "averageGrowth": -0.012952191235059427,
    "deviation": 1.5804299775848925,
    "shareValue": 104.7359786661797,
    "shares": 4752917.0
  },
  "ABBV": {
    "averageGrowth": 0.10953386454183286,
    "deviation": 1.999269568272905,
    "shareValue": 490.1978051301666,
    "shares": 2658840.0
  },
  "NOK": {
    "averageGrowth": -0.08597609561752989,
    "deviation": 0.07852083380180758,
    "shareValue": -50.80312801809174,
    "shares": 3.1443245E7
  },
  "SIRI": {
    "averageGrowth": -0.04705450199203201,
    "deviation": 1.2171282408877815,
    "shareValue": -31.190562945933262,
    "shares": 1130143.0
  },
  "AAL": {
    "averageGrowth": 0.037358804780876505,
    "deviation": 0.4003509810355174,
    "shareValue": 62.911237345716486,
    "shares": 4.3632098E7
  },
  "TSM": {
    "averageGrowth": -0.08322310756972136,
    "deviation": 2.50261073840738,
    "shareValue": 266.2715528375243,
    "shares": 1.1543126E7
  },
  "ET": {
    "averageGrowth": -0.04466932270916335,
    "deviation": 0.19180187272707536,
    "shareValue": -0.4887847510763062,
    "shares": 7504205.0
  },
  "VWO": {
    "averageGrowth": 0.04804788844621517,
    "deviation": 0.29915735780123665,
    "shareValue": 79.17442812521992,
    "shares": 6995037.0
  },
  "ZM": {
    "averageGrowth": -0.31949195219123583,
    "deviation": 5.709197737341971,
    "shareValue": -352.3791656776362,
    "shares": 949691.0
  },
  "XOM": {
    "averageGrowth": 0.04041832669322707,
    "deviation": 1.3110547304661528,
    "shareValue": 196.93448568653827,
    "shares": 4133507.0
  },
  "ATVI": {
    "averageGrowth": 0.048091567852437456,
    "deviation": 0.9663991082489095,
    "shareValue": 121.11112230364613,
    "shares": 0.0
  },
  "ADBE": {
    "averageGrowth": -0.04166430278884461,
    "deviation": 7.828567189012123,
    "shareValue": 104.9707224478409,
    "shares": 1632215.0
  },
  "SOFI": {
    "averageGrowth": 0.06505416666666666,
    "deviation": 0.5130687263799801,
    "shareValue": 78.9926541609538,
    "shares": 4.2138261E7
  },
  "RKT": {
    "averageGrowth": -0.035195219123506004,
    "deviation": 0.6331573177190067,
    "shareValue": 35.518050874493845,
    "shares": 1.7561359E7
  },
  "MRNA": {
    "averageGrowth": 0.15487752988047793,
    "deviation": 6.603840140057249,
    "shareValue": 47.41948338154792,
    "shares": 3615743.0
  },
  "HOOD": {
    "averageGrowth": -0.10543137996219284,
    "deviation": 1.583218623611253,
    "shareValue": 139.284196591788,
    "shares": 1.922356E7
  },
  "VIAC": {
    "averageGrowth": 0.04947130177514772,
    "deviation": 1.8335889416705842,
    "shareValue": 79.32535129521074,
    "shares": 8.7606196E7
  },
  "BA": {
    "averageGrowth": 0.13882653386454172,
    "deviation": 3.768513600468156,
    "shareValue": 165.75450351284476,
    "shares": 3359284.0
  },
  "WMT": {
    "averageGrowth": 0.018019920318725104,
    "deviation": 0.681670700431146,
    "shareValue": 205.2512686887062,
    "shares": 1.6006463E7
  },
  "TGT": {
    "averageGrowth": 0.039725099601593546,
    "deviation": 2.605028615538874,
    "shareValue": 70.10276368545202,
    "shares": 3319089.0
  },
  "UAL": {
    "averageGrowth": -0.00810095617529879,
    "deviation": 1.4766211375810907,
    "shareValue": 83.25977064140764,
    "shares": 3476672.0
  },
  "ROKU": {
    "averageGrowth": -0.18865545816733048,
    "deviation": 6.024392851450316,
    "shareValue": 82.06084102391073,
    "shares": 901170.0
  },
  "CSCO": {
    "averageGrowth": 0.07033466135458182,
    "deviation": 0.5979807385685505,
    "shareValue": 164.73482543378708,
    "shares": 6979518.0
  },
  "C": {
    "averageGrowth": 0.007537848605577812,
    "deviation": 0.9208028897190178,
    "shareValue": 139.04763661244093,
    "shares": 1.859563E7
  },
  "VZ": {
    "averageGrowth": -0.08162151394422311,
    "deviation": 0.4720286600954359,
    "shareValue": -17.05053956456281,
    "shares": 1.2964365E7
  },
  "CVX": {
    "averageGrowth": 0.027756972111554215,
    "deviation": 1.9089313797647596,
    "shareValue": 99.27803847378247,
    "shares": 2992074.0
  },
  "JPM": {
    "averageGrowth": 0.14331872509960156,
    "deviation": 2.2115006086906286,
    "shareValue": 326.5744557911747,
    "shares": 1.0376335E7
  },
  "F": {
    "averageGrowth": 0.06751155378486054,
    "deviation": 0.268808478425963,
    "shareValue": 75.01480843430252,
    "shares": 6.3927085E7
  },
  "MRO": {
    "averageGrowth": 0.0423959341723136,
    "deviation": 0.46755309896452346,
    "shareValue": 53.04563985619032,
    "shares": 3.6027438E7
  },
  "UNH": {
    "averageGrowth": 0.052054422310757936,
    "deviation": 6.181856494831271,