{
  "GOOGL": {
    "averageGrowth": 0.23778087649402385,
    "deviation": 2.070011566213052,
    "shareValue": 853.4823005478266,
    "shares": 1.3051224E7
  },
  "SONY": {
    "averageGrowth": 0.22497609561752996,
    "deviation": 0.2071446927424626,
    "shareValue": 485.7035571526109,
    "shares": 2400678.0
  },
  "CARR": {
    "averageGrowth": 0.0662629482071715,
    "deviation": 0.8503366679066161,
    "shareValue": 133.97663427267958,
    "shares": 2873467.0
  },
  "AAPL": {
    "averageGrowth": 0.07190143426294832,
    "deviation": 2.5827499597945325,
    "shareValue": 567.6803610569244,
    "shares": 1.5731917E7
  },
  "JNJ": {
    "averageGrowth": 0.1523466135458168,
    "deviation": 1.4987436077499725,
    "shareValue": 514.600747856424,
    "shares": 8018352.0
  },
  "BIDU": {
    "averageGrowth": 0.24596015936254992,
    "deviation": 3.787046552423339,
    "shareValue": 553.1417265210397,
    "shares": 5281307.0
  },
  "RIVN": {
    "averageGrowth": -0.127282538071066,
    "deviation": 1.731490097753648,
    "shareValue": -252.32592277909177,
    "shares": 1.5291133E7
  },
  "SPYG": {
    "averageGrowth": -0.09676494023904378,
    "deviation": 0.7448615559790921,
    "shareValue": 26.54471954105462,
    "shares": 1463078.0
  },
  "PFE": {
    "averageGrowth": 0.12803984063745016,
    "deviation": 0.5450337377678137,
    "shareValue": 172.80184552591703,
    "shares": 2.5108037E7
  },
  "COIN": {
    "averageGrowth": -0.25988683745583036,
    "deviation": 8.248902205837979,
    "shareValue": -169.34250164624117,
    "shares": 6374179.0
  },
  "TSLA": {
    "averageGrowth": -0.10147171314741073,
    "deviation": 8.363240735635191,
    "shareValue": 479.3142944432724,
    "shares": 5.1972442E7
  },
  "SBUX": {
    "averageGrowth": 0.06363505976095642,
    "deviation": 1.3631016222408627,
    "shareValue": 414.37843425641415,
    "shares": 3822483.0
  },
  "AMD": {
    "averageGrowth": -0.2002321115537848,
    "deviation": 3.2274643369560914,
    "shareValue": -144.18342148064394,
    "shares": 5.3099746E7
  },
  "TLRY": {
    "averageGrowth": 0.3033496414342631,
    "deviation": 0.8347059923918908,
    "shareValue": 442.52857340410634,
    "shares": 5.2455949E7
  },
  "RBLX": {
    "averageGrowth": 0.09252517301038074,
    "deviation": 2.271702966116122,
    "shareValue": 650.0814205557699,
    "shares": 5804525.0
  },
  "BILI": {
    "averageGrowth": 0.005318326693227031,
    "deviation": 1.902470150202924,
    "shareValue": -8.947523054737754,
    "shares": 3195031.0
  },
  "SPY": {
    "averageGrowth": 0.3165378486055788,
    "deviation": 4.162304136253264,
    "shareValue": 1446.2304641294786,
    "shares": 5.338323E7
  },
  "DOCU": {
    "averageGrowth": -0.005525896414342467,
    "deviation": 3.6783696861699697,
    "shareValue": 6.408964833116112,
    "shares": 1123885.0
  },
  "BABA": {
    "averageGrowth": 0.006235059760956079,
    "deviation": 2.5919364057015524,
    "shareValue": 58.04547266531557,
    "shares": 1.42343E7
  },
  "META": {
    "averageGrowth": 0.03319920318725093,
    "deviation": 7.100404765422049,
    "shareValue": 847.043701582082,
    "shares": 5113497.0
  },
  "HCA": {
    "averageGrowth": 0.4308924302788848,
    "deviation": 4.14571556792094,
    "shareValue": 1749.7720906663237,
    "shares": 607121.0
  },
  "NKE": {
    "averageGrowth": 0.12704780876494057,
    "deviation": 1.5804299775848925,
    "shareValue": 168.42782153899424,
    "shares": 4752917.0
  },
  "ABBV": {
    "averageGrowth": 0.279533864541833,
    "deviation": 1.999269568272905,
    "shareValue": 752.2138430739014,
    "shares": 2658840.0
  },
  "NOK": {
    "averageGrowth": -0.07597609561752988,
    "deviation": 0.07852083380180758,
    "shareValue": -121.33031315260945,
    "shares": 3.1443245E7
  },
  "SIRI": {
    "averageGrowth": 0.012945498007967996,
    "deviation": 1.2171282408877815,
    "shareValue": -68.58239492930099,
    "shares": 1130143.0
  },
  "AAL": {
    "averageGrowth": 0.027358804780876503,
    "deviation": 0.4003509810355174,
    "shareValue": 41.530213556718266,
    "shares": 4.3632098E7
  },
  "TSM": {
    "averageGrowth": 0.04677689243027863,
    "deviation": 2.50261073840738,
    "shareValue": -105.84902560741352,
    "shares": 1.1543126E7
  },
  "ET": {
    "averageGrowth": 0.08533067729083665,
    "deviation": 0.19180187272707536,
    "shareValue": 157.83736707377645,
    "shares": 7504205.0
  },
  "VWO": {
    "averageGrowth": 0.16804788844621518,
    "deviation": 0.29915735780123665,
    "shareValue": 403.53528385288644,
    "shares": 6995037.0
  },
  "ZM": {
    "averageGrowth": -0.22949195219123575,
    "deviation": 5.709197737341971,
    "shareValue": -306.49982390174074,
    "shares": 949691.0
  },
  "XOM": {
    "averageGrowth": -0.12958167330677292,
    "deviation": 1.3110547304661528,
    "shareValue": 112.48899137666983,
    "shares": 4133507.0
  },
  "ATVI": {
    "averageGrowth": 0.1880915678524375,
    "deviation": 0.9663991082489095,
    "shareValue": 225.06901263300688,
    "shares": 0.0
  },
  "ADBE": {
    "averageGrowth": -0.05166430278884461,
    "deviation": 7.828567189012123,
    "shareValue": 525.1936981310679,
    "shares": 1632215.0
  },
  "SOFI": {
    "averageGrowth": -0.05494583333333335,
    "deviation": 0.5130687263799801,
    "shareValue": -292.3119955508524,
    "shares": 4.2138261E7
  },
  "RKT": {
    "averageGrowth": 0.13480478087649397,
    "deviation": 0.6331573177190067,
    "shareValue": 259.5544707302234,
    "shares": 1.7561359E7
  },
  "MRNA": {
    "averageGrowth": 0.30487752988047806,
    "deviation": 6.603840140057249,
    "shareValue": 759.732834837941,
    "shares": 3615743.0
  },
  "HOOD": {
    "averageGrowth": -0.11543137996219284,
    "deviation": 1.583218623611253,
    "shareValue": 341.82248372555836,
    "shares": 1.922356E7
  },
  "VIAC": {
    "averageGrowth": -0.0905286982248523,
    "deviation": 1.8335889416705842,
    "shareValue": -90.04509177150437,
    "shares": 8.7606196E7
  },
  "BA": {
    "averageGrowth": -0.04117346613545827,
    "deviation": 3.768513600468156,
    "shareValue": 224.82572179529188,
    "shares": 3359284.0
  },
  "WMT": {
    "averageGrowth": -0.0419800796812749,
    "deviation": 0.681670700431146,
    "shareValue": 157.30306821825616,
    "shares": 1.6006463E7
  },
  "TGT": {
    "averageGrowth": 0.09972509960159354,
    "deviation": 2.605028615538874,
    "shareValue": 251.189452601203,
    "shares": 3319089.0
  },
  "UAL": {
    "averageGrowth": 0.1018990438247012,
    "deviation": 1.4766211375810907,
    "shareValue": 10.69228527360113,
    "shares": 3476672.0
  },
  "ROKU": {
    "averageGrowth": 0.0013445418326695525,
    "deviation": 6.024392851450316,
    "shareValue": -826.7001621071279,
    "shares": 901170.0
  },
  "CSCO": {
    "averageGrowth": -0.059665338645418196,
    "deviation": 0.5979807385685505,
    "shareValue": 138.11851650420198,
    "shares": 6979518.0
  },
  "C": {
    "averageGrowth": -0.10246215139442218,
    "deviation": 0.9208028897190178,
    "shareValue": -99.84464242579551,
    "shares": 1.859563E7
  },
  "VZ": {
    "averageGrowth": -0.05162151394422313,
    "deviation": 0.4720286600954359,
    "shareValue": 48.25594399112807,
    "shares": 1.2964365E7
  },
  "CVX": {
    "averageGrowth": 0.10775697211155422,
    "deviation": 1.9089313797647596,
    "shareValue": 203.33271601616255,
    "shares": 2992074.0
  },
  "JPM": {
    "averageGrowth": 0.07331872509960158,
    "deviation": 2.2115006086906286,
    "shareValue": 417.2139045921414,
    "shares": 1.0376335E7
  },
  "F": {
    "averageGrowth": 0.017511553784860516,
    "deviation": 0.268808478425963,
    "shareValue": 148.35559558257148,
    "shares": 6.3927085E7
  },
  "MRO": {
    "averageGrowth": 0.1523959341723136,
    "deviation": 0.46755309896452346,
    "shareValue": 370.10135511296386,
    "shares": 3.6027438E7
  },
  "UNH": {
    "averageGrowth": 0.03205442231075794,
    "deviation": 6.181856494831271,