{
  "GOOGL": {
    "averageGrowth": 0.09278087649402375,
    "deviation": 2.070011566213052,
    "shareValue": 246.47,
    "shares": 13051224
  },
  "SONY": {
    "averageGrowth": -2.3904382470069474E-5,
    "deviation": 0.2071446927424626,
    "shareValue": 28.94,
    "shares": 2400678
  },
  "CARR": {
    "averageGrowth": 0.0012629482071714966,
    "deviation": 0.8503366679066161,
    "shareValue": 57.745,
    "shares": 2873467
  },
  "AAPL": {
    "averageGrowth": 0.16690143426294834,
    "deviation": 2.5827499597945325,
    "shareValue": 247.5663,
    "shares": 15731917
  },
  "JNJ": {
    "averageGrowth": 0.0573466135458168,
    "deviation": 1.4987436077499725,
    "shareValue": 190.27,
    "shares": 8018352
  },
  "BIDU": {
    "averageGrowth": -0.009039840637450176,
    "deviation": 3.787046552423339,
    "shareValue": 120.61,
    "shares": 5281307
  },
  "RIVN": {
    "averageGrowth": -0.07228253807106602,
    "deviation": 1.731490097753648,
    "shareValue": 13.095,
    "shares": 15291133
  },
  "SPYG": {
    "averageGrowth": 0.008235059760956216,
    "deviation": 0.7448615559790921,
    "shareValue": 104.345,
    "shares": 1463078
  },
  "PFE": {
    "averageGrowth": -0.006960159362549823,
    "deviation": 0.5450337377678137,
    "shareValue": 24.705,
    "shares": 25108037
  },
  "COIN": {
    "averageGrowth": -0.24488683745583031,
    "deviation": 8.248902205837979,
    "shareValue": 350.9,
    "shares": 6374179
  },
  "TSLA": {
    "averageGrowth": -0.10647171314741073,
    "deviation": 8.363240735635191,
    "shareValue": 432.78,
    "shares": 51972442
  },
  "SBUX": {
    "averageGrowth": 0.008635059760956404,
    "deviation": 1.3631016222408627,
    "shareValue": 81.42,
    "shares": 3822483
  },
  "AMD": {
    "averageGrowth": -0.06523211155378475,
    "deviation": 3.2274643369560914,
    "shareValue": 224.345,
    "shares": 53099746
  },
  "TLRY": {
    "averageGrowth": -0.03165035856573705,
    "deviation": 0.8347059923918908,
    "shareValue": 1.635,
    "shares": 52455949
  },
  "RBLX": {
    "averageGrowth": 0.08752517301038074,
    "deviation": 2.271702966116122,
    "shareValue": 134.61,
    "shares": 5804525
  },
  "BILI": {
    "averageGrowth": -0.03968167330677297,
    "deviation": 1.902470150202924,
    "shareValue": 26.73,
    "shares": 3195031
  },
  "SPY": {
    "averageGrowth": 0.11153784860557865,
    "deviation": 4.162304136253264,
    "shareValue": 665.5,
    "shares": 53383230
  },
  "DOCU": {
    "averageGrowth": -0.05052589641434248,
    "deviation": 3.6783696861699697,
    "shareValue": 67.96,
    "shares": 1123885
  },
  "BABA": {
    "averageGrowth": -0.11876494023904392,
    "deviation": 2.5919364057015524,
    "shareValue": 164.67,
    "shares": 14234300
  },
  "META": {
    "averageGrowth": 0.01819920318725093,
    "deviation": 7.100404765422049,
    "shareValue": 712.63,
    "shares": 5113497
  },
  "HCA": {
    "averageGrowth": 0.25589243027888464,
    "deviation": 4.14571556792094,
    "shareValue": 419.335,
    "shares": 607121
  },
  "NKE": {
    "averageGrowth": -0.04795219123505943,
    "deviation": 1.5804299775848925,
    "shareValue": 67.83,
    "shares": 4752917
  },
  "ABBV": {
    "averageGrowth": 0.11453386454183286,
    "deviation": 1.999269568272905,
    "shareValue": 229.75,
    "shares": 2658840
  },
  "NOK": {
    "averageGrowth": -9.760956175298759E-4,
    "deviation": 0.07852083380180758,
    "shareValue": 5.47,
    "shares": 31443245
  },
  "SIRI": {
    "averageGrowth": -0.042054501992032006,
    "deviation": 1.2171282408877815,
    "shareValue": 21.6966,
    "shares": 1130143
  },
  "AAL": {
    "averageGrowth": -0.017641195219123502,
    "deviation": 0.4003509810355174,
    "shareValue": 12.2165,
    "shares": 43632098
  },
  "TSM": {
    "averageGrowth": -0.06822310756972137,
    "deviation": 2.50261073840738,
    "shareValue": 300.33,
    "shares": 11543126
  },
  "ET": {
    "averageGrowth": -0.009669322709163344,
    "deviation": 0.19180187272707536,
    "shareValue": 16.565,
    "shares": 7504205
  },
  "VWO": {
    "averageGrowth": 0.0030478884462151784,
    "deviation": 0.29915735780123665,
    "shareValue": 53.7701,
    "shares": 6995037
  },
  "ZM": {
    "averageGrowth": -0.22449195219123572,
    "deviation": 5.709197737341971,
    "shareValue": 79.35,
    "shares": 949691
  },
  "XOM": {
    "averageGrowth": 0.03541832669322708,
    "deviation": 1.3110547304661528,
    "shareValue": 112.89,
    "shares": 4133507
  },
  "ATVI": {
    "averageGrowth": -0.056908432147562554,
    "deviation": 0.9663991082489095,
    "shareValue": 94.42,
    "shares": 0
  },
  "ADBE": {
    "averageGrowth": -0.09666430278884461,
    "deviation": 7.828567189012123,
    "shareValue": 338.2219,
    "shares": 1632215
  },
  "SOFI": {
    "averageGrowth": -0.019945833333333336,
    "deviation": 0.5130687263799801,
    "shareValue": 28.0601,
    "shares": 42138261
  },
  "RKT": {
    "averageGrowth": -0.010195219123506002,
    "deviation": 0.6331573177190067,
    "shareValue": 16.875,
    "shares": 17561359
  },
  "MRNA": {
    "averageGrowth": 0.21987752988047804,
    "deviation": 6.603840140057249,
    "shareValue": 26.5014,
    "shares": 3615743
  },
  "HOOD": {
    "averageGrowth": 0.04956862003780715,
    "deviation": 1.583218623611253,
    "shareValue": 140.695,
    "shares": 19223560
  },
  "VIAC": {
    "averageGrowth": 0.04447130177514772,
    "deviation": 1.8335889416705842,
    "shareValue": 29.58,
    "shares": 87606196
  },
  "BA": {
    "averageGrowth": -0.026173466135458272,
    "deviation": 3.768513600468156,
    "shareValue": 216.48,
    "shares": 3359284
  },
  "WMT": {
    "averageGrowth": 0.043019920318725105,
    "deviation": 0.681670700431146,
    "shareValue": 106.35,
    "shares": 16006463
  },
  "TGT": {
    "averageGrowth": -0.03527490039840646,
    "deviation": 2.605028615538874,
    "shareValue": 88.86,
    "shares": 3319089
  },
  "UAL": {
    "averageGrowth": -0.003100956175298788,
    "deviation": 1.4766211375810907,
    "shareValue": 103.52,
    "shares": 3476672
  },
  "ROKU": {
    "averageGrowth": -0.15365545816733042,
    "deviation": 6.024392851450316,
    "shareValue": 94.91,
    "shares": 901170
  },
  "CSCO": {
    "averageGrowth": 0.02533466135458181,
    "deviation": 0.5979807385685505,
    "shareValue": 69.065,
    "shares": 6979518
  },
  "C": {
    "averageGrowth": 0.022537848605577816,
    "deviation": 0.9208028897190178,
    "shareValue": 100.885,
    "shares": 18595630
  },
  "VZ": {
    "averageGrowth": -0.006621513944223115,
    "deviation": 0.4720286600954359,
    "shareValue": 40.5,
    "shares": 12964365
  },
  "CVX": {
    "averageGrowth": -0.007243027888445787,
    "deviation": 1.9089313797647596,
    "shareValue": 153.36,
    "shares": 2992074
  },
  "JPM": {
    "averageGrowth": 0.10831872509960154,
    "deviation": 2.2115006086906286,
    "shareValue": 306.59,
    "shares": 10376335
  },
  "F": {
    "averageGrowth": 0.0025115537848605265,
    "deviation": 0.268808478425963,
    "shareValue": 11.732,
    "shares": 63927085
  },
  "MRO": {
    "averageGrowth": -0.0026040658276864077,
    "deviation": 0.46755309896452346,
    "shareValue": 28.55,
    "shares": 36027438
  },
  "UNH": {
    "averageGrowth": 0.027054422310757935,
    "deviation": 6.181856494831271,
    "shareValue": 361.2833,
    "shares": 3595118
  },
  "MSFT": {
    "averageGrowth": 0.08394422310757012,
    "deviation": 4.342865558114033,
    "shareValue": 514.74,
    "shares": 6964757
  },
  "SHOP": {
    "averageGrowth": -5.533864541830784E-4,
    "deviation": 2.7619641190873514,
    "shareValue": 154.2964,
    "shares": 5716051
  },
  "COST": {
    "averageGrowth": 0.31499171314740976,
    "deviation": 8.088209289602334,
    "shareValue": 942.6946,
    "shares": 880522
  },
  "T": {
    "averageGrowth": 0.012554342629482058,
    "deviation": 0.25632124707145354,
    "shareValue": 26.0807,
    "shares": 20646048
  },
  "WFC": {
    "averageGrowth": 0.018573705179282952,