{
  "GOOGL": {
    "averageGrowth": 0.11778087649402375,
    "deviation": 2.070011566213052,
    "shareValue": 249.6864557468785,
    "shares": 1.3051224E7
  },
  "SONY": {
    "averageGrowth": 0.02497609561752993,
    "deviation": 0.2071446927424626,
    "shareValue": 30.09706351554971,
    "shares": 2400678.0
  },
  "CARR": {
    "averageGrowth": 0.026262948207171496,
    "deviation": 0.8503366679066161,
    "shareValue": 58.58294037796223,
    "shares": 2873467.0
  },
  "AAPL": {
    "averageGrowth": 0.19190143426294834,
    "deviation": 2.5827499597945325,
    "shareValue": 254.75974329647076,
    "shares": 1.5731917E7
  },
  "JNJ": {
    "averageGrowth": 0.0823466135458168,
    "deviation": 1.4987436077499725,
    "shareValue": 186.36819109079923,
    "shares": 8018352.0
  },
  "BIDU": {
    "averageGrowth": 0.015960159362549825,
    "deviation": 3.787046552423339,
    "shareValue": 116.49016375816244,
    "shares": 5281307.0
  },
  "RIVN": {
    "averageGrowth": -0.052902815623806075,
    "deviation": 1.731490097753648,
    "shareValue": 13.729222706671585,
    "shares": 1.5291133E7
  },
  "SPYG": {
    "averageGrowth": 0.03712206162022143,
    "deviation": 0.7448615559790921,
    "shareValue": 105.06235135900222,
    "shares": 1463078.0
  },
  "PFE": {
    "averageGrowth": 0.018039840637450177,
    "deviation": 0.5450337377678137,
    "shareValue": 19.076238047603923,
    "shares": 2.5108037E7
  },
  "COIN": {
    "averageGrowth": -0.21988683745583032,
    "deviation": 8.248902205837979,
    "shareValue": 354.05468389711035,
    "shares": 6374179.0
  },
  "TSLA": {
    "averageGrowth": -0.08147171314741072,
    "deviation": 8.363240735635191,
    "shareValue": 437.3296366017422,
    "shares": 5.1972442E7
  },
  "SBUX": {
    "averageGrowth": 0.03647950612882259,
    "deviation": 1.3631016222408627,
    "shareValue": 79.06349659314634,
    "shares": 3822483.0
  },
  "AMD": {
    "averageGrowth": -0.04023211155378475,
    "deviation": 3.2274643369560914,
    "shareValue": 227.29824564035638,
    "shares": 5.3099746E7
  },
  "TLRY": {
    "averageGrowth": -0.0066503585657370495,
    "deviation": 0.8347059923918908,
    "shareValue": -2.780119503882375,
    "shares": 5.2455949E7
  },
  "RBLX": {
    "averageGrowth": 0.11252517301038073,
    "deviation": 2.271702966116122,
    "shareValue": 125.22441924951549,
    "shares": 5804525.0
  },
  "BILI": {
    "averageGrowth": -0.014681673306772967,
    "deviation": 1.902470150202924,
    "shareValue": 39.34576771786048,
    "shares": 3195031.0
  },
  "SPY": {
    "averageGrowth": 0.13653784860557866,
    "deviation": 4.162304136253264,
    "shareValue": 678.0665774666154,
    "shares": 5.338323E7
  },
  "DOCU": {
    "averageGrowth": -0.025525896414342476,
    "deviation": 3.6783696861699697,
    "shareValue": 55.86908653975979,
    "shares": 1123885.0
  },
  "BABA": {
    "averageGrowth": -0.09376494023904391,
    "deviation": 2.5919364057015524,
    "shareValue": 169.14222881126295,
    "shares": 1.42343E7
  },
  "META": {
    "averageGrowth": 0.04319920318725093,
    "deviation": 7.100404765422049,
    "shareValue": 764.8599719478791,
    "shares": 5113497.0
  },
  "HCA": {
    "averageGrowth": 0.28089243027888466,
    "deviation": 4.14571556792094,
    "shareValue": 442.9876003933076,
    "shares": 607121.0
  },
  "NKE": {
    "averageGrowth": -0.022952191235059427,
    "deviation": 1.5804299775848925,
    "shareValue": 69.12461824740706,
    "shares": 4752917.0
  },
  "ABBV": {
    "averageGrowth": 0.13953386454183286,
    "deviation": 1.999269568272905,
    "shareValue": 232.29612578442064,
    "shares": 2658840.0
  },
  "NOK": {
    "averageGrowth": 0.030010593450375767,
    "deviation": 0.07852083380180758,
    "shareValue": 5.80531922197999,
    "shares": 3.1443245E7
  },
  "SIRI": {
    "averageGrowth": -0.017054501992032005,
    "deviation": 1.2171282408877815,
    "shareValue": 20.728373611777542,
    "shares": 1130143.0
  },
  "AAL": {
    "averageGrowth": 0.007358804780876499,
    "deviation": 0.4003509810355174,
    "shareValue": 10.63440853495329,
    "shares": 4.3632098E7
  },
  "TSM": {
    "averageGrowth": -0.04322310756972137,
    "deviation": 2.50261073840738,
    "shareValue": 308.5445769891701,
    "shares": 1.1543126E7
  },
  "ET": {
    "averageGrowth": 0.015330677290836658,
    "deviation": 0.19180187272707536,
    "shareValue": 16.049682013333925,
    "shares": 7504205.0
  },
  "VWO": {
    "averageGrowth": 0.02804788844621518,
    "deviation": 0.29915735780123665,
    "shareValue": 54.29007698204694,
    "shares": 6995037.0
  },
  "ZM": {
    "averageGrowth": -0.19949195219123572,
    "deviation": 5.709197737341971,
    "shareValue": 94.411176503589,
    "shares": 949691.0
  },
  "XOM": {
    "averageGrowth": 0.06041832669322708,
    "deviation": 1.3110547304661528,
    "shareValue": 114.2357035810143,
    "shares": 4133507.0
  },
  "ATVI": {
    "averageGrowth": -0.03190843214756255,
    "deviation": 0.9663991082489095,
    "shareValue": 94.90467122494019,
    "shares": 0.0
  },
  "ADBE": {
    "averageGrowth": -0.07166430278884461,
    "deviation": 7.828567189012123,
    "shareValue": 352.85349841460896,
    "shares": 1632215.0
  },
  "SOFI": {
    "averageGrowth": 0.005054166666666665,
    "deviation": 0.5130687263799801,
    "shareValue": 29.98207825737431,
    "shares": 4.2138261E7
  },
  "RKT": {
    "averageGrowth": 0.014804780876493999,
    "deviation": 0.6331573177190067,
    "shareValue": 17.17598080067453,
    "shares": 1.7561359E7
  },
  "MRNA": {
    "averageGrowth": 0.24487752988047803,
    "deviation": 6.603840140057249,
    "shareValue": 36.76821688512551,
    "shares": 3615743.0
  },
  "HOOD": {
    "averageGrowth": 0.07456862003780715,
    "deviation": 1.583218623611253,
    "shareValue": 148.36062723877149,
    "shares": 1.922356E7
  },
  "VIAC": {
    "averageGrowth": 0.06947130177514772,
    "deviation": 1.8335889416705842,
    "shareValue": 32.097158438993795,
    "shares": 8.7606196E7
  },
  "BA": {
    "averageGrowth": -0.001173466135458271,
    "deviation": 3.768513600468156,
    "shareValue": 225.43470197970348,
    "shares": 3359284.0
  },
  "WMT": {
    "averageGrowth": 0.06801992031872511,
    "deviation": 0.681670700431146,
    "shareValue": 105.18807465157423,
    "shares": 1.6006463E7
  },
  "TGT": {
    "averageGrowth": -0.010274900398406457,
    "deviation": 2.605028615538874,
    "shareValue": 104.18586523794042,
    "shares": 3319089.0
  },
  "UAL": {
    "averageGrowth": 0.021899043824701214,
    "deviation": 1.4766211375810907,
    "shareValue": 102.08559461602812,
    "shares": 3476672.0
  },
  "ROKU": {
    "averageGrowth": -0.12865545816733043,
    "deviation": 6.024392851450316,
    "shareValue": 89.43583184837993,
    "shares": 901170.0
  },
  "CSCO": {
    "averageGrowth": 0.05033466135458181,
    "deviation": 0.5979807385685505,
    "shareValue": 71.5377273822586,
    "shares": 6979518.0
  },
  "C": {
    "averageGrowth": 0.04753784860557782,
    "deviation": 0.9208028897190178,
    "shareValue": 100.78175689352376,
    "shares": 1.859563E7
  },
  "VZ": {
    "averageGrowth": 0.018378486055776886,
    "deviation": 0.4720286600954359,
    "shareValue": 39.31112165143024,
    "shares": 1.2964365E7
  },
  "CVX": {
    "averageGrowth": 0.017756972111554213,
    "deviation": 1.9089313797647596,
    "shareValue": 152.16718473644423,
    "shares": 2992074.0
  },
  "JPM": {
    "averageGrowth": 0.13331872509960155,
    "deviation": 2.2115006086906286,
    "shareValue": 315.02093320249924,
    "shares": 1.0376335E7
  },
  "F": {
    "averageGrowth": 0.02751155378486053,
    "deviation": 0.268808478425963,
    "shareValue": 11.639880207973587,
    "shares": 6.3927085E7
  },
  "MRO": {
    "averageGrowth": 0.022395934172313593,
    "deviation": 0.46755309896452346,
    "shareValue": 30.970535534086835,
    "shares": 3.6027438E7
  },
  "UNH": {
    "averageGrowth": 0.052054422310757936,
    "deviation": 6.181856494831271,