{
  "GOOGL": {
    "averageGrowth": 0.11778087649402375,
    "deviation": 2.070011566213052,
    "shareValue": 253.9069176866603,
    "shares": 1.3051224E7
  },
  "SONY": {
    "averageGrowth": 0.02497609561752993,
    "deviation": 0.2071446927424626,
    "shareValue": 29.174936105827367,
    "shares": 2400678.0
  },
  "CARR": {
    "averageGrowth": 0.041744063029258906,
    "deviation": 0.8503366679066161,
    "shareValue": 59.70048206391943,
    "shares": 2873467.0
  },
  "AAPL": {
    "averageGrowth": 0.18586236357468514,
    "deviation": 2.5827499597945325,
    "shareValue": 270.6845253259131,
    "shares": 1.5731917E7
  },
  "JNJ": {
    "averageGrowth": 0.0823466135458168,
    "deviation": 1.4987436077499725,
    "shareValue": 190.41547302707482,
    "shares": 8018352.0
  },
  "BIDU": {
    "averageGrowth": 0.015960159362549825,
    "deviation": 3.787046552423339,
    "shareValue": 144.82672235850893,
    "shares": 5281307.0
  },
  "RIVN": {
    "averageGrowth": -0.0533328615490108,
    "deviation": 1.731490097753648,
    "shareValue": 17.25627501689308,
    "shares": 1.5291133E7
  },
  "SPYG": {
    "averageGrowth": 0.04154757146740227,
    "deviation": 0.7448615559790921,
    "shareValue": 104.37131647788566,
    "shares": 1463078.0
  },
  "PFE": {
    "averageGrowth": 0.018039840637450177,
    "deviation": 0.5450337377678137,
    "shareValue": 23.90972945552898,
    "shares": 2.5108037E7
  },
  "COIN": {
    "averageGrowth": -0.22397418502728336,
    "deviation": 8.248902205837979,
    "shareValue": 309.72893716369373,
    "shares": 6374179.0
  },
  "TSLA": {
    "averageGrowth": -0.08147171314741072,
    "deviation": 8.363240735635191,
    "shareValue": 417.6126743806162,
    "shares": 5.1972442E7
  },
  "SBUX": {
    "averageGrowth": 0.024401044401366097,
    "deviation": 1.3631016222408627,
    "shareValue": 85.2041496606464,
    "shares": 3822483.0
  },
  "AMD": {
    "averageGrowth": -0.04023211155378475,
    "deviation": 3.2274643369560914,
    "shareValue": 206.59325602824217,
    "shares": 5.3099746E7
  },
  "TLRY": {
    "averageGrowth": -0.0066503585657370495,
    "deviation": 0.8347059923918908,
    "shareValue": 3.727311561179773,
    "shares": 5.2455949E7
  },
  "RBLX": {
    "averageGrowth": 0.10440033842318966,
    "deviation": 2.271702966116122,
    "shareValue": 134.1137231499137,
    "shares": 5804525.0
  },
  "BILI": {
    "averageGrowth": -0.014681673306772967,
    "deviation": 1.902470150202924,
    "shareValue": 30.297541798969498,
    "shares": 3195031.0
  },
  "SPY": {
    "averageGrowth": 0.13653784860557866,
    "deviation": 4.162304136253264,
    "shareValue": 697.716658265983,
    "shares": 5.338323E7
  },
  "DOCU": {
    "averageGrowth": -0.025525896414342476,
    "deviation": 3.6783696861699697,
    "shareValue": 74.57166015697582,
    "shares": 1123885.0
  },
  "BABA": {
    "averageGrowth": -0.09376494023904391,
    "deviation": 2.5919364057015524,
    "shareValue": 175.47116829015363,
    "shares": 1.42343E7
  },
  "META": {
    "averageGrowth": 0.04319920318725093,
    "deviation": 7.100404765422049,
    "shareValue": 700.5181779335901,
    "shares": 5113497.0
  },
  "HCA": {
    "averageGrowth": 0.2828979389793465,
    "deviation": 4.14571556792094,
    "shareValue": 425.50459828472725,
    "shares": 607121.0
  },
  "NKE": {
    "averageGrowth": -0.022952191235059427,
    "deviation": 1.5804299775848925,
    "shareValue": 66.81684111982042,
    "shares": 4752917.0
  },
  "ABBV": {
    "averageGrowth": 0.13953386454183286,
    "deviation": 1.999269568272905,
    "shareValue": 224.6657732526295,
    "shares": 2658840.0
  },
  "NOK": {
    "averageGrowth": 0.027249515209228914,
    "deviation": 0.07852083380180758,
    "shareValue": 5.698632253413708,
    "shares": 3.1443245E7
  },
  "SIRI": {
    "averageGrowth": -0.017054501992032005,
    "deviation": 1.2171282408877815,
    "shareValue": 26.390622093150608,
    "shares": 1130143.0
  },
  "AAL": {
    "averageGrowth": 0.007358804780876499,
    "deviation": 0.4003509810355174,
    "shareValue": 10.905310016855974,
    "shares": 4.3632098E7
  },
  "TSM": {
    "averageGrowth": -0.04322310756972137,
    "deviation": 2.50261073840738,
    "shareValue": 295.5358061394762,
    "shares": 1.1543126E7
  },
  "ET": {
    "averageGrowth": 0.015330677290836658,
    "deviation": 0.19180187272707536,
    "shareValue": 17.605460708940175,
    "shares": 7504205.0
  },
  "VWO": {
    "averageGrowth": 0.02804788844621518,
    "deviation": 0.29915735780123665,
    "shareValue": 52.938958265445564,
    "shares": 6995037.0
  },
  "ZM": {
    "averageGrowth": -0.19949195219123572,
    "deviation": 5.709197737341971,
    "shareValue": 32.35726636616178,
    "shares": 949691.0
  },
  "XOM": {
    "averageGrowth": 0.06041832669322708,
    "deviation": 1.3110547304661528,
    "shareValue": 112.11417495904873,
    "shares": 4133507.0
  },
  "ATVI": {
    "averageGrowth": -0.03190843214756255,
    "deviation": 0.9663991082489095,
    "shareValue": 100.41732611256394,
    "shares": 0.0
  },
  "ADBE": {
    "averageGrowth": -0.07166430278884461,
    "deviation": 7.828567189012123,
    "shareValue": 331.1612065519563,
    "shares": 1632215.0
  },
  "SOFI": {
    "averageGrowth": 0.005054166666666665,
    "deviation": 0.5130687263799801,
    "shareValue": 32.79986064394097,
    "shares": 4.2138261E7
  },
  "RKT": {
    "averageGrowth": 0.014804780876493999,
    "deviation": 0.6331573177190067,
    "shareValue": 15.809850363760933,
    "shares": 1.7561359E7
  },
  "MRNA": {
    "averageGrowth": 0.24487752988047803,
    "deviation": 6.603840140057249,
    "shareValue": 6.448936573009153,
    "shares": 3615743.0
  },
  "HOOD": {
    "averageGrowth": 0.07456862003780715,
    "deviation": 1.583218623611253,
    "shareValue": 140.59940401303365,
    "shares": 1.922356E7
  },
  "VIAC": {
    "averageGrowth": 0.06894592571212611,
    "deviation": 1.8335889416705842,
    "shareValue": 26.21103904996321,
    "shares": 8.7606196E7
  },
  "BA": {
    "averageGrowth": -0.001173466135458271,
    "deviation": 3.768513600468156,
    "shareValue": 232.66712596612973,
    "shares": 3359284.0
  },
  "WMT": {
    "averageGrowth": 0.06801992031872511,
    "deviation": 0.681670700431146,
    "shareValue": 111.74502716177867,
    "shares": 1.6006463E7
  },
  "TGT": {
    "averageGrowth": -0.010274900398406457,
    "deviation": 2.605028615538874,
    "shareValue": 92.33038607083336,
    "shares": 3319089.0
  },
  "UAL": {
    "averageGrowth": 0.021899043824701214,
    "deviation": 1.4766211375810907,
    "shareValue": 101.55136209913341,
    "shares": 3476672.0
  },
  "ROKU": {
    "averageGrowth": -0.13288026043909792,
    "deviation": 6.024392851450316,
    "shareValue": 78.70903742047643,
    "shares": 901170.0
  },
  "CSCO": {
    "averageGrowth": 0.05033466135458181,
    "deviation": 0.5979807385685505,
    "shareValue": 70.30420837311972,
    "shares": 6979518.0
  },
  "C": {
    "averageGrowth": 0.05454856275487953,
    "deviation": 0.9208028897190178,
    "shareValue": 97.7986780293528,
    "shares": 1.859563E7
  },
  "VZ": {
    "averageGrowth": 0.018378486055776886,
    "deviation": 0.4720286600954359,
    "shareValue": 40.516484849278804,
    "shares": 1.2964365E7
  },
  "CVX": {
    "averageGrowth": 0.017756972111554213,
    "deviation": 1.9089313797647596,
    "shareValue": 166.77889285048028,
    "shares": 2992074.0
  },
  "JPM": {
    "averageGrowth": 0.13331872509960155,
    "deviation": 2.2115006086906286,
    "shareValue": 307.4004620252052,
    "shares": 1.0376335E7
  },
  "F": {
    "averageGrowth": 0.02751155378486053,
    "deviation": 0.268808478425963,
    "shareValue": 11.340721850903142,
    "shares": 6.3927085E7
  },
  "MRO": {
    "averageGrowth": 0.022395934172313593,
    "deviation": 0.46755309896452346,
    "shareValue": 27.271779172019816,
    "shares": 3.6027438E7
  },
  "UNH": {
    "averageGrowth": 0.052054422310757936,
    "deviation": 6.181856494831271,