{
  "GOOGL": {
    "averageGrowth": 0.09278087649402375,
    "deviation": 2.070011566213052,
    "shareValue": 230.60920457461427,
    "shares": 1.3051224E7
  },
  "SONY": {
    "averageGrowth": -2.3904382470069474E-5,
    "deviation": 0.2071446927424626,
    "shareValue": 29.18582593306786,
    "shares": 2400678.0
  },
  "CARR": {
    "averageGrowth": 0.0012629482071714966,
    "deviation": 0.8503366679066161,
    "shareValue": 56.185055038248926,
    "shares": 2873467.0
  },
  "AAPL": {
    "averageGrowth": 0.16690143426294834,
    "deviation": 2.5827499597945325,
    "shareValue": 248.8296195047528,
    "shares": 1.5731917E7
  },
  "JNJ": {
    "averageGrowth": 0.0573466135458168,
    "deviation": 1.4987436077499725,
    "shareValue": 192.89547451240603,
    "shares": 8018352.0
  },
  "BIDU": {
    "averageGrowth": -0.009039840637450176,
    "deviation": 3.787046552423339,
    "shareValue": 96.26880952703577,
    "shares": 5281307.0
  },
  "RIVN": {
    "averageGrowth": -0.07228253807106602,
    "deviation": 1.731490097753648,
    "shareValue": 11.002038208903212,
    "shares": 1.5291133E7
  },
  "SPYG": {
    "averageGrowth": 0.008235059760956216,
    "deviation": 0.7448615559790921,
    "shareValue": 106.50739083244903,
    "shares": 1463078.0
  },
  "PFE": {
    "averageGrowth": -0.006960159362549823,
    "deviation": 0.5450337377678137,
    "shareValue": 23.875570739694485,
    "shares": 2.5108037E7
  },
  "COIN": {
    "averageGrowth": -0.24488683745583031,
    "deviation": 8.248902205837979,
    "shareValue": 292.2287310884001,
    "shares": 6374179.0
  },
  "TSLA": {
    "averageGrowth": -0.10647171314741073,
    "deviation": 8.363240735635191,
    "shareValue": 423.28362035126577,
    "shares": 5.1972442E7
  },
  "SBUX": {
    "averageGrowth": 0.008635059760956404,
    "deviation": 1.3631016222408627,
    "shareValue": 83.26083346766244,
    "shares": 3822483.0
  },
  "AMD": {
    "averageGrowth": -0.06523211155378475,
    "deviation": 3.2274643369560914,
    "shareValue": 223.73975832778729,
    "shares": 5.3099746E7
  },
  "TLRY": {
    "averageGrowth": -0.03165035856573705,
    "deviation": 0.8347059923918908,
    "shareValue": 7.612234897095696,
    "shares": 5.2455949E7
  },
  "RBLX": {
    "averageGrowth": 0.08752517301038074,
    "deviation": 2.271702966116122,
    "shareValue": 135.77941662651563,
    "shares": 5804525.0
  },
  "BILI": {
    "averageGrowth": -0.03968167330677297,
    "deviation": 1.902470150202924,
    "shareValue": 30.507399533484104,
    "shares": 3195031.0
  },
  "SPY": {
    "averageGrowth": 0.11153784860557865,
    "deviation": 4.162304136253264,
    "shareValue": 650.5034185158589,
    "shares": 5.338323E7
  },
  "DOCU": {
    "averageGrowth": -0.05052589641434248,
    "deviation": 3.6783696861699697,
    "shareValue": 66.0940908901012,
    "shares": 1123885.0
  },
  "BABA": {
    "averageGrowth": -0.11876494023904392,
    "deviation": 2.5919364057015524,
    "shareValue": 166.74208372032984,
    "shares": 1.42343E7
  },
  "META": {
    "averageGrowth": 0.01819920318725093,
    "deviation": 7.100404765422049,
    "shareValue": 732.4808783985968,
    "shares": 5113497.0
  },
  "HCA": {
    "averageGrowth": 0.25589243027888464,
    "deviation": 4.14571556792094,
    "shareValue": 398.56550654667535,
    "shares": 607121.0
  },
  "NKE": {
    "averageGrowth": -0.04795219123505943,
    "deviation": 1.5804299775848925,
    "shareValue": 71.65502666799038,
    "shares": 4752917.0
  },
  "ABBV": {
    "averageGrowth": 0.11453386454183286,
    "deviation": 1.999269568272905,
    "shareValue": 236.4552687876123,
    "shares": 2658840.0
  },
  "NOK": {
    "averageGrowth": -9.760956175298759E-4,
    "deviation": 0.07852083380180758,
    "shareValue": 5.705400213571056,
    "shares": 3.1443245E7
  },
  "SIRI": {
    "averageGrowth": -0.042054501992032006,
    "deviation": 1.2171282408877815,
    "shareValue": 31.100735361134316,
    "shares": 1130143.0
  },
  "AAL": {
    "averageGrowth": -0.017641195219123502,
    "deviation": 0.4003509810355174,
    "shareValue": 11.969518703936368,
    "shares": 4.3632098E7
  },
  "TSM": {
    "averageGrowth": -0.06822310756972137,
    "deviation": 2.50261073840738,
    "shareValue": 300.52463927497723,
    "shares": 1.1543126E7
  },
  "ET": {
    "averageGrowth": -0.009669322709163344,
    "deviation": 0.19180187272707536,
    "shareValue": 15.25882228972965,
    "shares": 7504205.0
  },
  "VWO": {
    "averageGrowth": 0.0030478884462151784,
    "deviation": 0.29915735780123665,
    "shareValue": 52.12955775313314,
    "shares": 6995037.0
  },
  "ZM": {
    "averageGrowth": -0.22449195219123572,
    "deviation": 5.709197737341971,
    "shareValue": 96.43379733186812,
    "shares": 949691.0
  },
  "XOM": {
    "averageGrowth": 0.03541832669322708,
    "deviation": 1.3110547304661528,
    "shareValue": 113.92704243042401,
    "shares": 4133507.0
  },
  "ATVI": {
    "averageGrowth": -0.056908432147562554,
    "deviation": 0.9663991082489095,
    "shareValue": 91.43197381873362,
    "shares": 0.0
  },
  "ADBE": {
    "averageGrowth": -0.09666430278884461,
    "deviation": 7.828567189012123,
    "shareValue": 307.87751951716376,
    "shares": 1632215.0
  },
  "SOFI": {
    "averageGrowth": -0.019945833333333336,
    "deviation": 0.5130687263799801,
    "shareValue": 30.642608614057703,
    "shares": 4.2138261E7
  },
  "RKT": {
    "averageGrowth": -0.010195219123506002,
    "deviation": 0.6331573177190067,
    "shareValue": 13.587347391242147,
    "shares": 1.7561359E7
  },
  "MRNA": {
    "averageGrowth": 0.21987752988047804,
    "deviation": 6.603840140057249,
    "shareValue": 30.457879826267416,
    "shares": 3615743.0
  },
  "HOOD": {
    "averageGrowth": 0.04956862003780715,
    "deviation": 1.583218623611253,
    "shareValue": 130.32408362338614,
    "shares": 1.922356E7
  },
  "VIAC": {
    "averageGrowth": 0.04447130177514772,
    "deviation": 1.8335889416705842,
    "shareValue": 15.645686543000945,
    "shares": 8.7606196E7
  },
  "BA": {
    "averageGrowth": -0.026173466135458272,
    "deviation": 3.768513600468156,
    "shareValue": 207.4087873880902,
    "shares": 3359284.0
  },
  "WMT": {
    "averageGrowth": 0.043019920318725105,
    "deviation": 0.681670700431146,
    "shareValue": 106.10216908657448,
    "shares": 1.6006463E7
  },
  "TGT": {
    "averageGrowth": -0.03527490039840646,
    "deviation": 2.605028615538874,
    "shareValue": 94.89126257276497,
    "shares": 3319089.0
  },
  "UAL": {
    "averageGrowth": -0.003100956175298788,
    "deviation": 1.4766211375810907,
    "shareValue": 99.77863957939267,
    "shares": 3476672.0
  },
  "ROKU": {
    "averageGrowth": -0.15365545816733042,
    "deviation": 6.024392851450316,
    "shareValue": 105.43141124837938,
    "shares": 901170.0
  },
  "CSCO": {
    "averageGrowth": 0.02533466135458181,
    "deviation": 0.5979807385685505,
    "shareValue": 72.8596420699235,
    "shares": 6979518.0
  },
  "C": {
    "averageGrowth": 0.022537848605577816,
    "deviation": 0.9208028897190178,
    "shareValue": 100.82793935633994,
    "shares": 1.859563E7
  },
  "VZ": {
    "averageGrowth": -0.006621513944223115,
    "deviation": 0.4720286600954359,
    "shareValue": 42.24573266642187,
    "shares": 1.2964365E7
  },
  "CVX": {
    "averageGrowth": -0.007243027888445787,
    "deviation": 1.9089313797647596,
    "shareValue": 160.29294537721643,
    "shares": 2992074.0
  },
  "JPM": {
    "averageGrowth": 0.10831872509960154,
    "deviation": 2.2115006086906286,
    "shareValue": 304.83109700312536,
    "shares": 1.0376335E7
  },
  "F": {
    "averageGrowth": 0.0025115537848605265,
    "deviation": 0.268808478425963,
    "shareValue": 11.011119107556372,
    "shares": 6.3927085E7
  },
  "MRO": {
    "averageGrowth": -0.0026040658276864077,
    "deviation": 0.46755309896452346,
    "shareValue": 28.617430218596066,
    "shares": 3.6027438E7
  },
  "UNH": {
    "averageGrowth": 0.027054422310757935,