{
  "GOOGL": {
    "averageGrowth": -0.07221912350597623,
    "deviation": 2.070011566213052,
    "shareValue": 459.4951816709646,
    "shares": 1.3051224E7
  },
  "SONY": {
    "averageGrowth": 0.01497609561752992,
    "deviation": 0.2071446927424626,
    "shareValue": 40.83442615596414,
    "shares": 2400678.0
  },
  "CARR": {
    "averageGrowth": -0.013737051792828506,
    "deviation": 0.8503366679066161,
    "shareValue": 131.10186398989444,
    "shares": 2873467.0
  },
  "AAPL": {
    "averageGrowth": 0.2719014342629484,
    "deviation": 2.5827499597945325,
    "shareValue": 856.4324925824592,
    "shares": 1.5731917E7
  },
  "JNJ": {
    "averageGrowth": 0.2723466135458169,
    "deviation": 1.4987436077499725,
    "shareValue": 823.6235635132256,
    "shares": 8018352.0
  },
  "BIDU": {
    "averageGrowth": 0.14596015936254983,
    "deviation": 3.787046552423339,
    "shareValue": 473.84702559959516,
    "shares": 5281307.0
  },
  "RIVN": {
    "averageGrowth": 0.032717461928933995,
    "deviation": 1.731490097753648,
    "shareValue": 253.24655992720014,
    "shares": 1.5291133E7
  },
  "SPYG": {
    "averageGrowth": 0.1132350597609562,
    "deviation": 0.7448615559790921,
    "shareValue": 344.5292179038438,
    "shares": 1463078.0
  },
  "PFE": {
    "averageGrowth": 0.04803984063745019,
    "deviation": 0.5450337377678137,
    "shareValue": 225.8662895549573,
    "shares": 2.5108037E7
  },
  "COIN": {
    "averageGrowth": -0.2898868374558304,
    "deviation": 8.248902205837979,
    "shareValue": 330.36239590230747,
    "shares": 6374179.0
  },
  "TSLA": {
    "averageGrowth": -0.18147171314741073,
    "deviation": 8.363240735635191,
    "shareValue": -631.1007833261704,
    "shares": 5.1972442E7
  },
  "SBUX": {
    "averageGrowth": 0.2836350597609565,
    "deviation": 1.3631016222408627,
    "shareValue": 511.9175235036578,
    "shares": 3822483.0
  },
  "AMD": {
    "averageGrowth": -0.07023211155378475,
    "deviation": 3.2274643369560914,
    "shareValue": -68.53028677990348,
    "shares": 5.3099746E7
  },
  "TLRY": {
    "averageGrowth": -0.2066503585657371,
    "deviation": 0.8347059923918908,
    "shareValue": -193.85243726087515,
    "shares": 5.2455949E7
  },
  "RBLX": {
    "averageGrowth": -0.11747482698961924,
    "deviation": 2.271702966116122,
    "shareValue": 366.83903921572573,
    "shares": 5804525.0
  },
  "BILI": {
    "averageGrowth": 0.025318326693227033,
    "deviation": 1.902470150202924,
    "shareValue": 109.25099170640891,
    "shares": 3195031.0
  },
  "SPY": {
    "averageGrowth": 0.2665378486055788,
    "deviation": 4.162304136253264,
    "shareValue": 1243.5659740861745,
    "shares": 5.338323E7
  },
  "DOCU": {
    "averageGrowth": -0.15552589641434245,
    "deviation": 3.6783696861699697,
    "shareValue": -600.9522986776512,
    "shares": 1123885.0
  },
  "BABA": {
    "averageGrowth": -0.023764940239043922,
    "deviation": 2.5919364057015524,
    "shareValue": -226.4951323532497,
    "shares": 1.42343E7
  },
  "META": {
    "averageGrowth": -0.14680079681274907,
    "deviation": 7.100404765422049,
    "shareValue": 796.9501744271464,
    "shares": 5113497.0
  },
  "HCA": {
    "averageGrowth": 0.5108924302788849,
    "deviation": 4.14571556792094,
    "shareValue": 1630.9012126154344,
    "shares": 607121.0
  },
  "NKE": {
    "averageGrowth": -0.0029521912350594266,
    "deviation": 1.5804299775848925,
    "shareValue": -25.905746072217077,
    "shares": 4752917.0
  },
  "ABBV": {
    "averageGrowth": 0.19953386454183292,
    "deviation": 1.999269568272905,
    "shareValue": 718.5618985196093,
    "shares": 2658840.0
  },
  "NOK": {
    "averageGrowth": 0.06402390438247015,
    "deviation": 0.07852083380180758,
    "shareValue": 309.65702500363034,
    "shares": 3.1443245E7
  },
  "SIRI": {
    "averageGrowth": -0.087054501992032,
    "deviation": 1.2171282408877815,
    "shareValue": -213.64221298898343,
    "shares": 1130143.0
  },
  "AAL": {
    "averageGrowth": -0.05264119521912352,
    "deviation": 0.4003509810355174,
    "shareValue": -97.81406773106842,
    "shares": 4.3632098E7
  },
  "TSM": {
    "averageGrowth": -0.0032231075697213597,
    "deviation": 2.50261073840738,
    "shareValue": 64.70861588729588,
    "shares": 1.1543126E7
  },
  "ET": {
    "averageGrowth": 0.14533067729083665,
    "deviation": 0.19180187272707536,
    "shareValue": 368.44694662507374,
    "shares": 7504205.0
  },
  "VWO": {
    "averageGrowth": 0.02804788844621519,
    "deviation": 0.29915735780123665,
    "shareValue": 174.3466579877901,
    "shares": 6995037.0
  },
  "ZM": {
    "averageGrowth": -0.07949195219123568,
    "deviation": 5.709197737341971,
    "shareValue": -353.6858011331357,
    "shares": 949691.0
  },
  "XOM": {
    "averageGrowth": -0.249581673306773,
    "deviation": 1.3110547304661528,
    "shareValue": -178.30714100564316,
    "shares": 4133507.0
  },
  "ATVI": {
    "averageGrowth": -0.07190843214756255,
    "deviation": 0.9663991082489095,
    "shareValue": -196.6135978061414,
    "shares": 0.0
  },
  "ADBE": {
    "averageGrowth": -0.07166430278884461,
    "deviation": 7.828567189012123,
    "shareValue": 379.10130648548204,
    "shares": 1632215.0
  },
  "SOFI": {
    "averageGrowth": -0.12494583333333333,
    "deviation": 0.5130687263799801,
    "shareValue": -289.4997317683425,
    "shares": 4.2138261E7
  },
  "RKT": {
    "averageGrowth": -0.075195219123506,
    "deviation": 0.6331573177190067,
    "shareValue": 47.890653383588784,
    "shares": 1.7561359E7
  },
  "MRNA": {
    "averageGrowth": 0.14487752988047792,
    "deviation": 6.603840140057249,
    "shareValue": 667.0235075226984,
    "shares": 3615743.0
  },
  "HOOD": {
    "averageGrowth": 0.12456862003780712,
    "deviation": 1.583218623611253,
    "shareValue": 404.4751303729979,
    "shares": 1.922356E7
  },
  "VIAC": {
    "averageGrowth": 0.019471301775147713,
    "deviation": 1.8335889416705842,
    "shareValue": 120.14043412629991,
    "shares": 8.7606196E7
  },
  "BA": {
    "averageGrowth": 0.2288265338645418,
    "deviation": 3.768513600468156,
    "shareValue": 693.5186758154804,
    "shares": 3359284.0
  },
  "WMT": {
    "averageGrowth": 0.028019920318725106,
    "deviation": 0.681670700431146,
    "shareValue": 327.17238481630187,
    "shares": 1.6006463E7
  },
  "TGT": {
    "averageGrowth": -0.09027490039840645,
    "deviation": 2.605028615538874,
    "shareValue": 56.288727143359786,
    "shares": 3319089.0
  },
  "UAL": {
    "averageGrowth": 0.05189904382470122,
    "deviation": 1.4766211375810907,
    "shareValue": 144.68371784446165,
    "shares": 3476672.0
  },
  "ROKU": {
    "averageGrowth": -0.2086554581673305,
    "deviation": 6.024392851450316,
    "shareValue": -448.1437791196216,
    "shares": 901170.0
  },
  "CSCO": {
    "averageGrowth": 0.18033466135458184,
    "deviation": 0.5979807385685505,
    "shareValue": 455.8697674621767,
    "shares": 6979518.0
  },
  "C": {
    "averageGrowth": 0.04753784860557782,
    "deviation": 0.9208028897190178,
    "shareValue": 154.07264100363545,
    "shares": 1.859563E7
  },
  "VZ": {
    "averageGrowth": 0.1683784860557769,
    "deviation": 0.4720286600954359,
    "shareValue": 440.8703000449471,
    "shares": 1.2964365E7
  },
  "CVX": {
    "averageGrowth": -0.1622430278884458,
    "deviation": 1.9089313797647596,
    "shareValue": 76.29700776094872,
    "shares": 2992074.0
  },
  "JPM": {
    "averageGrowth": 0.07331872509960158,
    "deviation": 2.2115006086906286,
    "shareValue": 468.3362231800971,
    "shares": 1.0376335E7
  },
  "F": {
    "averageGrowth": -0.052488446215139484,
    "deviation": 0.268808478425963,
    "shareValue": -51.524070109936815,
    "shares": 6.3927085E7
  },
  "MRO": {
    "averageGrowth": -0.25760406582768647,
    "deviation": 0.46755309896452346,
    "shareValue": -251.76118784170598,
    "shares": 3.6027438E7
  },
  "UNH": {
    "averageGrowth": 0.09205442231075794,
    "deviation": 6.181856494831271,